{"0":{"url":"","alt":""},"53685977":{"url":"/assets/images/team-member4.jpg","alt":"A person's portrait photo"},"i42bd9835":{"url":"/assets/images/facebook-banner11111.jpg","alt":""},"-4ba6cd4f":{"url":"/assets/images/rapnet.png","alt":""},"-37b43fab":{"url":"/assets/images/location-icon-design-on-transparent-background-png.png","alt":""},"29403b8d":{"url":"/assets/images/9926396.png","alt":""},"-4b76d944":{"url":"/assets/images/rapnet-flyer.jpg","alt":""},"-3d5bd0a0":{"url":"/assets/images/hucmnzul02ic6nshs0iy.webp","alt":"Integration icon"},"-3c9be952":{"url":"/assets/images/kisspng-coca-cola-logo-font-fizzy-drinks-1713934750446.webp","alt":"Integration icon"},"-2d950473":{"url":"/assets/images/promasidor-logo-1.png","alt":"Integration icon"},"474fc35":{"url":"/assets/images/altxt-contact-page-logo.png","alt":"Integration icon"},"677b4bcc":{"url":"/assets/images/15.webp","alt":"Integration icon"},"39027d66":{"url":"/assets/images/unilever-brand-featured1.webp","alt":"Integration icon"},"-7791eab3":{"url":"/assets/images/images.png","alt":"Integration icon"},"27f6e879":{"url":"/assets/images/frieslandcampina-logo.wine.png","alt":"Integration icon"},"-2f854dae":{"url":"/assets/images/whatsapp-image-2024-09-15-at-10.09.13_06a70fef.jpg","alt":"Integration icon"},"38c582e1":{"url":"/assets/images/whatsapp-image-2024-09-15-at-10.07.51_c770596c.jpg","alt":"Integration icon"},"437452da":{"url":"/assets/images/whatsapp-image-2024-09-15-at-10.09.15_3eeb79f2.jpg","alt":"Integration icon"},"-6fa70867":{"url":"/assets/images/aioffice-guys-african.png","alt":""},"4e4f88d8":{"url":"/assets/images/main-logo.jpg","alt":""},"189c281f":{"url":"https://images.unsplash.com/photo-1497366754035-f200968a6e72?ixid=M3w0ODMyOTN8MHwxfHNlYXJjaHw0fHxvZmZpY2V8ZW58MHx8fHwxNzI0NDM5MzY5fDA&ixlib=rb-4.0.3&fit=clamp&auto=format&w=600","alt":"Office hallwayby Nastuh Abootalebi"},"-a006ee4":{"url":"/assets/images/agenda-calendar-data-date.jpg","alt":""},"48f9cd8a":{"url":"/assets/images/location.png","alt":""},"738f9890":{"url":"/assets/images/services-2.jpg","alt":"A woman recording in a studio"},"739db011":{"url":"/assets/images/services-3.jpg","alt":"A woman working while having coffee"},"73abc792":{"url":"/assets/images/services-4.jpg","alt":"A man walking"},"3e1d64e6":{"url":"/assets/images/ribbon.svg","alt":"Ribbon element"},"-31a6332e":{"url":"/assets/images/home-3.jpg","alt":"Team work"},"396b0db0":{"url":"/assets/images/whichbookdoireadfirst_socialshare_all.jpg","alt":""},"4abef31c":{"url":"https://d3e54v103j8qbb.cloudfront.net/static/utility-lock.ae54711958.svg","alt":""},"-2b1beb3c":{"url":"https://d3e54v103j8qbb.cloudfront.net/static/page-not-found.211a85e40c.svg","alt":""},"5eba3643":{"url":"/assets/images/menu-icon.svg","alt":"Burger menu"},"65f93224":{"url":"https://images.unsplash.com/photo-1571624436279-b272aff752b5?ixid=M3w0ODMyOTN8MHwxfHNlYXJjaHw1MXx8YWZyaWNhbiUyMG9mZmljZXxlbnwwfHx8fDE3MjQ1OTk2Nzl8MA&ixlib=rb-4.0.3&fit=clamp&auto=format&w=600","alt":"brown wooden 9-piece office table and chairsby S O C I A L . C U T"},"3dbf8e8f":{"url":"/assets/images/icon-arrow-color-elements-brix-templates.svg","alt":"Arrow - Elements Webflow Library - BRIX Templates"},"533e12f4":{"url":"/assets/images/team-member1.jpg","alt":"A person's portrait photo"},"534c2a75":{"url":"/assets/images/team-member2.jpg","alt":"A person's portrait photo"},"535a41f6":{"url":"/assets/images/team-member3.jpg","alt":"A person's portrait photo"},"44b0105a":{"url":"/assets/images/pileobooks.jpg","alt":"Dashboard mockup"},"-7f77bde2":{"url":"/assets/images/img-20240913-wa0014.jpg","alt":""},"-7f69a661":{"url":"/assets/images/img-20240913-wa0015.jpg","alt":""},"-7f5b8ee0":{"url":"/assets/images/img-20240913-wa0016.jpg","alt":""},"-7aae1e3c":{"url":"/assets/images/images.jpeg","alt":""},"c90d86f":{"url":"/assets/images/screenshot-2024-09-15-161803.png","alt":""},"3be4114d":{"url":"/assets/images/screenshot-2024-09-14-160656.png","alt":""},"7f19df04":{"url":"/assets/images/img-20240913-wa0009.jpg","alt":""},"-7f93ece4":{"url":"/assets/images/img-20240913-wa0012.jpg","alt":""},"318cbb91":{"url":"/assets/images/screenshot-2024-09-14-161408.png","alt":""},"-7f85d563":{"url":"/assets/images/img-20240913-wa0013.jpg","alt":""}}