{"24":"$","25":"%","31":"1","32":"2","33":"3","34":"4","35":"5","601":"01","602":"02","603":"03","604":"04","605":"05","661":"34","720":"99","4950305":"The Regulatory Affairs Professionals Network (RAPN) is the organization of professionals involved with regulatory and quality for regulated products, including food, cosmetics, household chemicals, medical devices, pharmaceuticals and biologics, diagnostics, and digital health.","5771595":"-Apply real-world solutions to protect your consumers and brand reputation.","23735199":"Overview","24735570":"Policies","2268ff":"Home","-7b61fb8c":"Speakers","645efc51":"About Us","-64104400":"Contact","667a5d97":"Get started","-25496d3d":"Register","22fb0cc6":"Africa ","-4c177c6c":"Food Regulatory & Quality Assurance ","-5dcedec4":"Conference","22e3d90b":"Future-proof your regulatory strategies & minimize risk to your brand & consumers","-3689e3cf":"Peninsula Golf Resort, Akosombo","200d":"‍","-59af9e90":"September 18, 2024 &","-685d14d5":"September 19, 2024","-5c16c827":"Register Now","7f2746de":"Contact Us","-287123da":"hours of innovative content","61f":"10","2b":"+","-51f91674":"hours of networking","-185b99b5":"Top industry Speakers","71e":"97","-512e11":"Attendee Satisfaction Assured","33b34d0b":"FUTURE-PROOF YOUR REGULATORY STRATEGIES & MINIMIZE RISK TO YOUR BRAND & CONSUMERS","4891e671":"The Annual Africa Food Regulatory & Quality Assurance Conference is here with industry leading legal, regulatory, quality assurance, and compliance experts from across Africa and beyond. ","-6c1e3138":"Connect with regulatory, compliance, and legal thought leaders from food & beverage producers, retailers, manufacturers, ingredient suppliers, packaging companies, and food services. ","-3b58aa4d":"Join experts from the Food and Drugs Authority Ghana,  Ghana Standards Authority, The Coca-Cola Company,  African Continental Free Trade Area (AfCFTA) Secretariat, National Agency for Food and Drug Administration and Control (NAFDAC) STANDARDS ORGANISATION OF NIGERIA Olam Council for Scientific and Industrial Research (CSIR) and many more!","55bff9c":"Secure your spot today and:","21adae01":"- Nail down the latest modernization of regulations and enforcement priorities.","-3292c2aa":"-Optimize your knowledge of national and cross-jurisdictional regulatory requirements.","-642617e3":"-Leave inspired with best practices from 30+ regulators and food industry leaders.","-6de175d2":"If you are involved in: Regulation, Compliance, QA, Safety, Supply Chain, Legal, Litigation, Risk Management, Government & Corporate Affairs, and/or Licensing, this conference  is for you!","43bdc2a3":"This is an in-person event featuring interactive sessions, curated breakout learning, and face-to-face networking opportunities. The conference will also be streamed virtually for attendees that can’t make it in person.","-1008ccbd":"Companies that are attending the conference","-1887dbf0":"Click to Register","55bebd1e":"Regulatory Affairs ","-41b4f99a":"Professionals Network ","48e42234":"(RAPN)","363aac12":"Developing and sustaining a competent regulatory workforce that drives good regulatory practice and policy to advance public health","6b492c9d":"Upcoming Events","74843a53":"About ","abe":"Us","58f5266f":"Read More...","13ede05":"Resources","3dba0078":"Our Mission","16feee4d":"To Develop and sustain a competent regulatory workforce that drives good regulatory practice and policy to advance public health.","42d2cc1e":"Check out our ","-22ae7763":"upcoming events","6e98872":", webinars, and workshops","-1d0f8570":"See Upcoming events","25ae74":"Our ","5ed6e940":"Strategic","-1fd1ca0b":"Ensure regulatory readiness for future changes.","70c8e138":"Empower professionals through inclusive, engaging development opportunities","6cfb4eb4":"Regulatory insights at your fingertips: Timely updates on product regulation developments","-334b2c55":"Unlock collective potential: Empowering communities via relationships and knowledge exchange","6f5fd3dd":"Championing Regulatory Excellence: Promoting the Profession's Value and Impact","17de4cec":"Below is a calendar of upcoming events, webinars, and workshops.","4b0951a6":"View All","7c6ccd39":"Events","-266e5397":"Webinars","-46796054":"Workshops","456473fc":"There are currently no upcoming events. Once we have any event, it will show up here.","-535fda24":"There are currently no upcoming Webinars. Once we have any webinar, it will show up here.","467cb186":"There are currently no upcoming Workshops. Once we have any Workshop, it will show up here.","-62bf230d":"View All Events","3765d1e4":"Lorem ipsum dolor sit amet, consectetur adipiscing elit. Curabitur sit amet eros blandit, hendrerit elit et, mattis purus. Vivamus commodo suscipit tellus et pellentesque.","-2c7444d":"Business strategy","-11a9ea8d":"Lorem ipsum dolor sit amet, consectetur adipiscing elit. Curabitur sit amet eros blandit, hendrerit elit et.","-52bd880f":"Learn More","374d176c":"Digitalization","-1cbaab6d":"Risk assessment","-7fd19f81":"Helping clients with research and strategy for their business","-4aab9544":"Lorem ipsum dolor sit amet, consectetur adipiscing elit. Curabitur sit amet eros blandit, hendrerit elit et, mattis purus. Vivamus commodo suscipit tellus et pellentesque. ","-6424e5eb":"Mattis purus. Vivamus commodo suscipit tellus et pellent. Curabitur sit amet eros blan esque.","2746f2ca":"See all services","9111feb":"Building new solutions that reduce the workload on employees","2e7eb323":"Assessing risk with artificial inteligence software","6537dac9":"Resource library","16f813c4":"Go through our library of valuable resources, the latest guidelines and updates.","4183f7e7":"Publications","-7ff844be":"Regulatory Updates","7b6c6da3":"Guidelines","319adcca":"Read post","48b14e62":"Sorry, there are no resources available yet. Once there is, it will show up here","-5d29f90a":"Sorry, there are no Publication resources available yet. Once there is, it will show up here","2f53a351":"Sorry, there are no Regulatory Update resources available yet. Once there is, it will show up here","20b64012":"Sorry, there are no guideline resources available yet. Once there is, it will show up here","7d2d960e":"Go to Library","7c4961d2":"Latest Blog & News","3d503d2b":"No items found.","6ea6727c":"Regulatory affairs professionals network","-64202ba3":"Company","1fa3c2":"Blog","-e896e01":" +233-201-329-873 ","-7b146012":"info@rapn.net","5fca156f":"Join Newsletter","5a0ea5a1":"Thank you! Your submission has been received!","-7c112e99":"Oops! Something went wrong while submitting the form.","-2b921bdb":"Developed by ","-28ae11c9":"YMLK Technologies","-3fbde6f6":"Privacy Policy","4f912d2b":"Terms & Conditions","-11d4bbff":"Protected Page","-f5c4b5f":"Incorrect password. Please try again.","-40b0787c":"Page Not Found","556d64d8":"The page you are looking for doesn't exist or has been moved","6b29b517":"Go Home","645f0031":"About us","7f274abe":"Contact us","ac6e8fe":"Empowering Regulatory Professionals Worldwide: Elevating Standards, Driving Innovation, and Connecting Experts Across Industries.","f5ecc00":"The energy of a start-up combined with 30 years of experience","73cb6d54":"Lorem ipsum dolor sit amet, consectetur adipiscing elit. Suspendisse varius enim in eros elementum tristique. Duis cursus, mi quis viverra ornare, eros dolor interdum nulla.","be87":"15+","-25c2c315":"Awards received","-3fd0d7a7":"Lorem ipsum dolor sit amet, consectetur adipiscin. Curabitur sit amet eros elit et.","18d1d6":"500+","-26147b93":"Clients served","14ac0f65":"Employees","170b9d":"130+","-523983b5":"Custom solutions","-1fe5489d":"Company ","5222c31b":"The Regulatory Affairs Professionals Network (RAPN) is the organization of professionals involved with regulatory and quality for regulated products, including food, cosmetics, household chemicals, medical devices, pharmaceuticals and biologics, diagnostics, and digital health. RAPN as a neutral, nonprofit organization, RAPN supports and elevates the regulatory profession with education and training, professional standards, publications, research, networking, career development, and other valuable resources.  The society is headquartered in Accra, Ghana, with chapters and affiliates worldwide","3b0b6c54":"Our Strategic ","-4eddb29e":"Priorities","-7e1b2617":"Lorem ipsum dolor sit amet consectetur adipiscing elit semper dalar elementum tempus hac tellus libero accumsan.","-641f8aa7":"Ensure regulatory readiness for future changes","-52aefc2f":"Learn more","3daca471":"Teamwork is the only way we work","1042d":"CEO","-2edaa727":"Tom Raikonnen","6677ea41":"Lorem ipsum dolor sit amet, consectetur adipiscing elit. Curabitur sit amet eros.","105fe":"CTO","2621fa2f":"Timmothy Burns","72a307aa":"Developer","-49edc82a":"John Mastersson","-2f738288":"Selby Johnson","-560e2f86":"Posted on 27th January 2021","4b6bc54":"All Posts","-4811e0e9":"Previous","24ff13":"Next","-529b7d3c":"Have a question ? Get in touch with us.","112c1967":"Fill up the form and the team will get back to you within 24 hours","752a03d5":"Location","-4bd2aba9":"14th Avenue Nii-Okai Street","-68a27650":"Accra - Ghana","-499a8a5f":"+233-201-329-873","-6d5fea1e":"Heading","f26edcb":"Start & end Date","-5286fc08":"Lorem ipsum dolor sit amet, consectetur adipiscing elit. Suspendisse varius enim in eros elementum tristique. Duis cursus, mi quis viverra ornare, eros dolor interdum nulla, ut commodo diam libero vitae erat. Aenean faucibus nibh et justo cursus id rutrum lorem imperdiet. Nunc ut sem vitae risus tristique posuere.","-71049bcf":"Price:","2b585367":"GHS 500","-3fee75de":"Details","-56c1ff50":"Requirements","-697be8b4":"Responsibilities","6af22973":"Heading 1","6af22974":"Heading 2","6af22975":"Heading 3","6af22976":"Heading 4","6af22977":"Heading 5","6af22978":"Heading 6","36f186d6":"Lorem ipsum dolor sit amet, consectetur adipiscing elit, sed do eiusmod tempor incididunt ut labore et dolore magna aliqua. Ut enim ad minim veniam, quis nostrud exercitation ullamco laboris nisi ut aliquip ex ea commodo consequat. Duis aute irure dolor in reprehenderit in voluptate velit esse cillum dolore eu fugiat nulla pariatur.","40f76109":"Block quote","670f3891":"Ordered list","-7cdc0d7c":"Item 1","-7cdc0d7b":"Item 2","-7cdc0d7a":"Item 3","-27cb5e56":"Unordered list","-7cdc0d6c":"Item A","-7cdc0d6b":"Item B","-7cdc0d6a":"Item C","361eaeed":"Text link","4205e5c8":"Bold text","4abe799c":"Emphasis","1dea1fe6":"Superscript","-69de0115":"Subscript","-45e051c":"Apply Now","2b0e947e":"Last modification: 1/8/2021","231379c3":"Lorem ipsum dolor sit amet, consectetur adipiscing elit. Morbi commodo est laoreet metus maximus, in ornare nulla mattis. Vestibulum at quam enim. Quisque efficitur et purus quis venenatis. Pellentesque volutpat nunc ac purus tincidunt, sit amet bibendum tortor ultricies. Integer vel est sem. Integer malesuada massa in magna vehicula, sit amet lacinia quam faucibus. Duis luctus consequat nisi, id consequat urna vehicula eget. Pellentesque id metus aliquam, venenatis nunc non, consectetur sem. Morbi tristique ac elit a ullamcorper.","606a0e13":"Pellentesque porttitor finibus dapibus. Praesent elementum nibh vitae nulla aliquet egestas. Duis quis ipsum sollicitudin, consectetur leo quis, dictum elit. Aenean ipsum tortor, blandit in ligula id, pharetra aliquet augue. Morbi sit amet rhoncus ante. Aliquam mi eros, accumsan in hendrerit sed, mollis at sapien. In rutrum tortor turpis, sit amet tincidunt arcu vestibulum nec.","-7bd28981":"Who We Are and What This Policy Covers","ec181b9":"Maecenas laoreet dui et lacinia iaculis. Praesent lobortis iaculis turpis in vulputate. Aenean eu nunc nec ante posuere malesuada vel in ipsum. Mauris convallis ex sed ultrices semper. Phasellus vehicula cursus nulla nec malesuada. Nullam vestibulum accumsan arcu, et vulputate tellus egestas non. Maecenas suscipit tincidunt vehicula. Proin feugiat interdum enim, vitae eleifend mi blandit mollis. Nunc accumsan nibh elit, in iaculis mauris blandit ut. Vivamus pellentesque ornare ligula, et accumsan dolor sodales sed. Nam vel metus sed ante egestas bibendum ut vitae ex. Aliquam sed luctus quam, ac fermentum magna. Ut porttitor eros eget ligula porttitor, ac finibus tellus venenatis. Phasellus et mauris id erat finibus ornare maximus ac purus. Nulla nibh orci, rhoncus in malesuada ac, finibus nec dolor.","-6721a268":"Aenean maximus, felis in pulvinar efficitur, eros lorem tempus nibh, nec vestibulum arcu felis luctus lectus. In sit amet cursus nibh. In turpis erat, finibus eget ultricies vitae, ullamcorper eget sem. Maecenas in lectus a neque sollicitudin ultrices. Cras ultricies dui mattis tincidunt fermentum. Nunc suscipit massa erat, at vehicula erat faucibus non. Pellentesque elementum turpis at sapien luctus mattis. Vivamus felis mi, cursus quis elit ac, pellentesque malesuada erat.","63d0ad6c":"Information We Collect","68729b30":"Nulla in ligula nec lorem imperdiet vulputate. Donec at metus hendrerit, convallis dolor mollis, tincidunt felis. Aliquam tortor nulla, fringilla commodo mollis sed, volutpat sed urna. Vestibulum sollicitudin feugiat sapien id tincidunt. Class aptent taciti sociosqu ad litora torquent per conubia nostra, per inceptos himenaeos. Cras pharetra tristique tellus et condimentum. Mauris ullamcorper arcu eget tincidunt dignissim. Fusce sed nunc leo. Nulla nisl tellus, lobortis quis varius eget, porttitor non nisl. Praesent tristique consectetur lacus, sed aliquet erat accumsan sit amet. Nunc eu ante orci. Nulla at gravida magna. Nulla in congue felis, nec cursus eros. Mauris ut placerat lacus. Mauris lorem elit, aliquam non erat nec, viverra lobortis dui.","-2a493431":"Start & end Date:","2d":"-","-2923d15d":"register","-26c23c98":"Register Now!","-339e69d0":"Click here to register","-30fc0a4c":"You may also like..","76eafb77":"Dive into What’s Happening Next. Uncover Additional Opportunities and Insights.","-72241d5e":"Read Publication","-6771cff2":"Below are the speakers for the Africa Food Regulatory & Quality Assurance Conference","-7c2f3f80":" Dr. Aina Stephen","-23dd6a":" Olugbenga","-7b980d33":"Deputy Director -National Agency for Food and Drug Administration andControl (NAFDAC)","d000d82":"Prof. Alex Dodoo","-779be25f":"Executive Director Ghana Standards Authority President- African Organization for Standards","4504214e":"Dr. Delese M. Darko","7013ae22":"Chief Executive Officer -Food and Drugs Authority,Ghana","-e0de47":"Wamkele Mene","-5b89f91e":"Secretary-General AFCFTA","-3ffa3ae6":"Prof. Charles Tortoe","-497b6412":"AG. Executive Director Food Research Institute","-77b927eb":"Joseph Yaw-Bernie Bennie","-1e9b4b4e":"Director-Legal & Corporate Affairs Food & Drugs Authority, Ghana","-20d8f44e":"Roderick Daddey-Adjei","1bcdb989":"Deputy CEO- Food Division Food & Drugs Authority, Ghana","-4ba0846":"Prashant Thakhur","-332c4f71":"Vice President-Olam International","58d0caa9":"Yunusa Mohammed","3730331f":"Deputy Director-Standards Organization of Nigeria","45fd0891":"Julia Kiage-Otaya","6b07625":"Senior Director-Scientific and Regulatory Affairs Coca Cola Company"}