{"0":{"url":"","alt":""},"53685977":{"url":"/assets/images/team-member4.jpg","alt":"A person's portrait photo"},"i42bd9835":{"url":"/assets/images/facebook-banner11111.jpg","alt":""},"-4ba6cd4f":{"url":"/assets/images/rapnet.png","alt":""},"5eba3643":{"url":"/assets/images/menu-icon.svg","alt":"Burger menu"},"-6fa70867":{"url":"/assets/images/aioffice-guys-african.png","alt":""},"4e4f88d8":{"url":"/assets/images/main-logo.jpg","alt":""},"189c281f":{"url":"https://images.unsplash.com/photo-1497366754035-f200968a6e72?ixid=M3w0ODMyOTN8MHwxfHNlYXJjaHw0fHxvZmZpY2V8ZW58MHx8fHwxNzI0NDM5MzY5fDA&ixlib=rb-4.0.3&fit=clamp&auto=format&w=600","alt":"Office hallwayby Nastuh Abootalebi"},"-a006ee4":{"url":"/assets/images/agenda-calendar-data-date.jpg","alt":""},"297a94d2":{"url":"/assets/images/location-icon-design-on-transparent-background-png-removebg-preview.png","alt":""},"738f9890":{"url":"/assets/images/services-2.jpg","alt":"A woman recording in a studio"},"739db011":{"url":"/assets/images/services-3.jpg","alt":"A woman working while having coffee"},"73abc792":{"url":"/assets/images/services-4.jpg","alt":"A man walking"},"3e1d64e6":{"url":"/assets/images/ribbon.svg","alt":"Ribbon element"},"-31a6332e":{"url":"/assets/images/home-3.jpg","alt":"Team work"},"396b0db0":{"url":"/assets/images/whichbookdoireadfirst_socialshare_all.jpg","alt":""},"44b0105a":{"url":"/assets/images/pileobooks.jpg","alt":""},"-7d6df949":{"url":"/assets/images/5c3121dd522ddbd86338323f6691002d.jpg","alt":""},"4abef31c":{"url":"https://d3e54v103j8qbb.cloudfront.net/static/utility-lock.ae54711958.svg","alt":""},"-2b1beb3c":{"url":"https://d3e54v103j8qbb.cloudfront.net/static/page-not-found.211a85e40c.svg","alt":""},"65f93224":{"url":"https://images.unsplash.com/photo-1571624436279-b272aff752b5?ixid=M3w0ODMyOTN8MHwxfHNlYXJjaHw1MXx8YWZyaWNhbiUyMG9mZmljZXxlbnwwfHx8fDE3MjQ1OTk2Nzl8MA&ixlib=rb-4.0.3&fit=clamp&auto=format&w=600","alt":"brown wooden 9-piece office table and chairsby S O C I A L . C U T"},"3dbf8e8f":{"url":"/assets/images/icon-arrow-color-elements-brix-templates.svg","alt":"Arrow - Elements Webflow Library - BRIX Templates"},"533e12f4":{"url":"/assets/images/team-member1.jpg","alt":"A person's portrait photo"},"534c2a75":{"url":"/assets/images/team-member2.jpg","alt":"A person's portrait photo"},"535a41f6":{"url":"/assets/images/team-member3.jpg","alt":"A person's portrait photo"}}