{"23":"#","2f":"/","-766f6c3e":"/about-us/","-3fb480d9":"/events/","5c7d819":"/resources/","63a5be2d":"/blogs/","6bfbaa95":"/contact-us/","51cd3a52":"/services#service1","51cd3a53":"/services#service2","51cd3a54":"/services#service3","95466e8":"https://finsweet.com/","65d59981":"https://www.facebook.com/thatsfinsweet","-7f71aabc":"https://www.youtube.com/finsweet","-65098d52":"https://www.instagram.com/thatsfinsweet/","-7ff2c147":"https://twitter.com/thatsfinsweet","27c8b03":"tel:+(123)456-7890","-46f1ca59":"mailto:info@fin.sweet?subject=info%40fin.sweet","-7ffb68e1":"https://ymlktechnologies.com","-2f934417":"/privacy-policy/"}