{"31":"1","32":"2","33":"3","34":"4","35":"5","601":"01","602":"02","603":"03","604":"04","605":"05","661":"34","4950305":"The Regulatory Affairs Professionals Network (RAPN) is the organization of professionals involved with regulatory and quality for regulated products, including food, cosmetics, household chemicals, medical devices, pharmaceuticals and biologics, diagnostics, and digital health.","23735199":"Overview","24735570":"Policies","2268ff":"Home","645f0031":"About us","7c6ccd39":"Events","13ede05":"Resources","1fa3c2":"Blog","7f274abe":"Contact us","55bebd1e":"Regulatory Affairs ","-41b4f99a":"Professionals Network ","48e42234":"(RAPN)","363aac12":"Developing and sustaining a competent regulatory workforce that drives good regulatory practice and policy to advance public health","6b492c9d":"Upcoming Events","7f2746de":"Contact Us","74843a53":"About ","abe":"Us","58f5266f":"Read More...","3dba0078":"Our Mission","16feee4d":"To Develop and sustain a competent regulatory workforce that drives good regulatory practice and policy to advance public health.","42d2cc1e":"Check out our ","-22ae7763":"upcoming events","6e98872":", webinars, and workshops","-1d0f8570":"See Upcoming events","25ae74":"Our ","5ed6e940":"Strategic","-1fd1ca0b":"Ensure regulatory readiness for future changes.","70c8e138":"Empower professionals through inclusive, engaging development opportunities","6cfb4eb4":"Regulatory insights at your fingertips: Timely updates on product regulation developments","-334b2c55":"Unlock collective potential: Empowering communities via relationships and knowledge exchange","6f5fd3dd":"Championing Regulatory Excellence: Promoting the Profession's Value and Impact","17de4cec":"Below is a calendar of upcoming events, webinars, and workshops.","4b0951a6":"View All","-266e5397":"Webinars","-46796054":"Workshops","-39fe9e53":"2nd September, 2024","3f31d05a":"Seminar for professionals 2024","-57dd01a3":"Accra International Conference Centre","403827a":"Event","-573ca68":"Join industry leaders and experts at the Seminar for Professionals 2024, a premier event designed to empower and inspire professionals across various fields. This seminar will provide valuable insights into the latest trends, best practices, and innovative strategies to excel in your career. ","-25496d3d":"Register","-7ea74ec0":"29th September, 2024","-53d202b6":"Webinar","-405172cf":"Network with peers, engage in thought-provoking discussions, and gain actionable knowledge to stay ahead in a competitive landscape. Don't miss this opportunity to elevate your professional journey!","-196fc944":"4th October, 2024","5fc15a7":"Workshop","30ad2c61":"This seminar will provide valuable insights into the latest trends, best practices, and innovative strategies to excel in your career. Network with peers, engage in thought-provoking discussions, and gain actionable knowledge to stay ahead in a competitive landscape. Don't miss this opportunity to elevate your professional journey!","-25962b2c":"3rd December, 2024","645efc51":"About Us","3765d1e4":"Lorem ipsum dolor sit amet, consectetur adipiscing elit. Curabitur sit amet eros blandit, hendrerit elit et, mattis purus. Vivamus commodo suscipit tellus et pellentesque.","-2c7444d":"Business strategy","-11a9ea8d":"Lorem ipsum dolor sit amet, consectetur adipiscing elit. Curabitur sit amet eros blandit, hendrerit elit et.","-52bd880f":"Learn More","374d176c":"Digitalization","-1cbaab6d":"Risk assessment","-7fd19f81":"Helping clients with research and strategy for their business","-4aab9544":"Lorem ipsum dolor sit amet, consectetur adipiscing elit. Curabitur sit amet eros blandit, hendrerit elit et, mattis purus. Vivamus commodo suscipit tellus et pellentesque. ","-6424e5eb":"Mattis purus. Vivamus commodo suscipit tellus et pellent. Curabitur sit amet eros blan esque.","2746f2ca":"See all services","9111feb":"Building new solutions that reduce the workload on employees","2e7eb323":"Assessing risk with artificial inteligence software","6537dac9":"Resource library","16f813c4":"Go through our library of valuable resources, the latest guidelines and updates.","77e0f39e":"Career","-31d545a6":"Medicine","7b6c6da3":"Guidelines","4d2dd138":"Future of Career Paths","11e4f2c2":"How do you create compelling presentations that wow your colleagues and impress your managers?","319adcca":"Read post","3cc38f82":"Migrating to Health Fields 101","-4990df21":"Building your Career","7d2d960e":"Go to Library","7c4961d2":"Latest Blog & News","3d503d2b":"No items found.","30eaf868":"Regulatory ","-6f3f756c":"Professionals ","-2ee60df2":"Network","-64202ba3":"Company","-64104400":"Contact","1f4aab69":"+233-557-0007-960","-7b14882e":"info@rapn.com","93051d1":"support@rapn.com","5fca156f":"Join Newsletter","5a0ea5a1":"Thank you! Your submission has been received!","-7c112e99":"Oops! Something went wrong while submitting the form.","-2b921bdb":"Developed by ","-28ae11c9":"YMLK Technologies","-3fbde6f6":"Privacy Policy","4f912d2b":"Terms & Conditions","-11d4bbff":"Protected Page","-f5c4b5f":"Incorrect password. Please try again.","-40b0787c":"Page Not Found","556d64d8":"The page you are looking for doesn't exist or has been moved","6b29b517":"Go Home","ac6e8fe":"Empowering Regulatory Professionals Worldwide: Elevating Standards, Driving Innovation, and Connecting Experts Across Industries.","f5ecc00":"The energy of a start-up combined with 30 years of experience","73cb6d54":"Lorem ipsum dolor sit amet, consectetur adipiscing elit. Suspendisse varius enim in eros elementum tristique. Duis cursus, mi quis viverra ornare, eros dolor interdum nulla.","be87":"15+","-25c2c315":"Awards received","-3fd0d7a7":"Lorem ipsum dolor sit amet, consectetur adipiscin. Curabitur sit amet eros elit et.","18d1d6":"500+","-26147b93":"Clients served","14ac0f65":"Employees","170b9d":"130+","-523983b5":"Custom solutions","-1fe5489d":"Company ","5222c31b":"The Regulatory Affairs Professionals Network (RAPN) is the organization of professionals involved with regulatory and quality for regulated products, including food, cosmetics, household chemicals, medical devices, pharmaceuticals and biologics, diagnostics, and digital health. RAPN as a neutral, nonprofit organization, RAPN supports and elevates the regulatory profession with education and training, professional standards, publications, research, networking, career development, and other valuable resources.  The society is headquartered in Accra, Ghana, with chapters and affiliates worldwide","3b0b6c54":"Our Strategic ","-4eddb29e":"Priorities","-7e1b2617":"Lorem ipsum dolor sit amet consectetur adipiscing elit semper dalar elementum tempus hac tellus libero accumsan.","-641f8aa7":"Ensure regulatory readiness for future changes","-52aefc2f":"Learn more","3daca471":"Teamwork is the only way we work","1042d":"CEO","-2edaa727":"Tom Raikonnen","6677ea41":"Lorem ipsum dolor sit amet, consectetur adipiscing elit. Curabitur sit amet eros.","105fe":"CTO","2621fa2f":"Timmothy Burns","72a307aa":"Developer","-49edc82a":"John Mastersson","-2f738288":"Selby Johnson","-560e2f86":"Posted on 27th January 2021","4b6bc54":"All Posts","79ceadde":"Design","-5c659a74":"8 min read","50c664cf":"Product","-529b7d3c":"Have a question ? Get in touch with us.","112c1967":"Fill up the form and the team will get back to you within 24 hours","752a03d5":"Location","-4bd2aba9":"14th Avenue Nii-Okai Street","-68a27650":"Accra - Ghana","11e4cf21":"+233-557-007-960","299377d9":"Job Description","-6cd44a16":"Salary","-3fee75de":"Details","-56c1ff50":"Requirements","-697be8b4":"Responsibilities","-45e051c":"Apply Now","2b0e947e":"Last modification: 1/8/2021","200d":"‍","231379c3":"Lorem ipsum dolor sit amet, consectetur adipiscing elit. Morbi commodo est laoreet metus maximus, in ornare nulla mattis. Vestibulum at quam enim. Quisque efficitur et purus quis venenatis. Pellentesque volutpat nunc ac purus tincidunt, sit amet bibendum tortor ultricies. Integer vel est sem. Integer malesuada massa in magna vehicula, sit amet lacinia quam faucibus. Duis luctus consequat nisi, id consequat urna vehicula eget. Pellentesque id metus aliquam, venenatis nunc non, consectetur sem. Morbi tristique ac elit a ullamcorper.","606a0e13":"Pellentesque porttitor finibus dapibus. Praesent elementum nibh vitae nulla aliquet egestas. Duis quis ipsum sollicitudin, consectetur leo quis, dictum elit. Aenean ipsum tortor, blandit in ligula id, pharetra aliquet augue. Morbi sit amet rhoncus ante. Aliquam mi eros, accumsan in hendrerit sed, mollis at sapien. In rutrum tortor turpis, sit amet tincidunt arcu vestibulum nec.","-7bd28981":"Who We Are and What This Policy Covers","ec181b9":"Maecenas laoreet dui et lacinia iaculis. Praesent lobortis iaculis turpis in vulputate. Aenean eu nunc nec ante posuere malesuada vel in ipsum. Mauris convallis ex sed ultrices semper. Phasellus vehicula cursus nulla nec malesuada. Nullam vestibulum accumsan arcu, et vulputate tellus egestas non. Maecenas suscipit tincidunt vehicula. Proin feugiat interdum enim, vitae eleifend mi blandit mollis. Nunc accumsan nibh elit, in iaculis mauris blandit ut. Vivamus pellentesque ornare ligula, et accumsan dolor sodales sed. Nam vel metus sed ante egestas bibendum ut vitae ex. Aliquam sed luctus quam, ac fermentum magna. Ut porttitor eros eget ligula porttitor, ac finibus tellus venenatis. Phasellus et mauris id erat finibus ornare maximus ac purus. Nulla nibh orci, rhoncus in malesuada ac, finibus nec dolor.","-6721a268":"Aenean maximus, felis in pulvinar efficitur, eros lorem tempus nibh, nec vestibulum arcu felis luctus lectus. In sit amet cursus nibh. In turpis erat, finibus eget ultricies vitae, ullamcorper eget sem. Maecenas in lectus a neque sollicitudin ultrices. Cras ultricies dui mattis tincidunt fermentum. Nunc suscipit massa erat, at vehicula erat faucibus non. Pellentesque elementum turpis at sapien luctus mattis. Vivamus felis mi, cursus quis elit ac, pellentesque malesuada erat.","63d0ad6c":"Information We Collect","68729b30":"Nulla in ligula nec lorem imperdiet vulputate. Donec at metus hendrerit, convallis dolor mollis, tincidunt felis. Aliquam tortor nulla, fringilla commodo mollis sed, volutpat sed urna. Vestibulum sollicitudin feugiat sapien id tincidunt. Class aptent taciti sociosqu ad litora torquent per conubia nostra, per inceptos himenaeos. Cras pharetra tristique tellus et condimentum. Mauris ullamcorper arcu eget tincidunt dignissim. Fusce sed nunc leo. Nulla nisl tellus, lobortis quis varius eget, porttitor non nisl. Praesent tristique consectetur lacus, sed aliquet erat accumsan sit amet. Nunc eu ante orci. Nulla at gravida magna. Nulla in congue felis, nec cursus eros. Mauris ut placerat lacus. Mauris lorem elit, aliquam non erat nec, viverra lobortis dui."}